epoch;loss;lr;mae;mse;val_loss;val_mae;val_mse
0;95.5378189086914;0.01;5.953460216522217;95.5378189086914;10531697065984.0;3197672.25;10531697065984.0
1;1.239639401435852;0.01;1.0156660079956055;1.239639401435852;8.729396475068416e+16;292708576.0;8.729396475068416e+16
2;0.6043053865432739;0.01;0.6598125696182251;0.6043053865432739;4.9756440209915904e+17;698936832.0;4.9756440209915904e+17
3;0.2466418296098709;0.01;0.39761728048324585;0.2466418296098709;3.5411871352540365e+17;588945152.0;3.5411871352540365e+17
4;0.19308003783226013;0.01;0.3439962863922119;0.19308003783226013;1.0152016774535578e+17;314762400.0;1.0152016774535578e+17
5;0.1830388903617859;0.01;0.354118287563324;0.1830388903617859;1.9341156856889344e+16;137058224.0;1.9341156856889344e+16
6;0.06182576343417168;0.01;0.20026400685310364;0.06182576343417168;2588720670703616.0;50002468.0;2588720670703616.0
7;0.074744813144207;0.01;0.23162229359149933;0.074744813144207;294572244598784.0;16809038.0;294572244598784.0
8;0.03402279317378998;0.01;0.1463567465543747;0.03402279317378998;35719795965952.0;5831935.5;35719795965952.0
9;0.040039338171482086;0.01;0.16614194214344025;0.040039338171482086;4207112617984.0;1999369.875;4207112617984.0
10;0.00928893219679594;0.01;0.07839351892471313;0.00928893219679594;438155214848.0;644791.0625;438155214848.0
11;0.017061976715922356;0.01;0.10751260817050934;0.017061976715922356;47293558784.0;210787.15625;47293558784.0
12;0.00971484836190939;0.01;0.07794671505689621;0.00971484836190939;8038329856.0;84449.078125;8038329856.0
13;0.010080471634864807;0.01;0.08171903342008591;0.010080471634864807;2157082880.0;41769.35546875;2157082880.0
14;0.008551990613341331;0.01;0.07924910634756088;0.008551990613341331;619228352.0;22098.9765625;619228352.0
15;0.008307271637022495;0.01;0.07670605182647705;0.008307271637022495;187199600.0;12216.7490234375;187199600.0
16;0.004582467954605818;0.01;0.05268269404768944;0.004582467954605818;59945380.0;6967.16748046875;59945380.0
17;0.007633408065885305;0.01;0.07760844379663467;0.007633408065885305;20140186.0;4053.797607421875;20140186.0
18;0.012009120546281338;0.01;0.09237603098154068;0.012009120546281338;6803603.0;2364.182861328125;6803603.0
19;0.005701239220798016;0.01;0.0581350214779377;0.005701239220798016;2364230.75;1394.759765625;2364230.75
20;0.008385331369936466;0.01;0.07276089489459991;0.008385331369936466;863210.5625;842.65625;863210.5625
21;0.017278069630265236;0.01;0.1121271476149559;0.017278067767620087;329744.78125;520.4447631835938;329744.78125
22;0.009202392771840096;0.01;0.07773467898368835;0.009202392771840096;114006.1328125;306.0841064453125;114006.1328125
23;0.00943981483578682;0.01;0.08196170628070831;0.00943981483578682;42476.88671875;187.310546875;42476.88671875
24;0.009425446391105652;0.01;0.07970687001943588;0.009425446391105652;16024.8466796875;115.34182739257812;16024.8466796875
25;0.015776265412569046;0.01;0.10759613662958145;0.015776265412569046;5718.623046875;68.87250518798828;5718.623046875
26;0.0071503110229969025;0.01;0.06706563383340836;0.0071503110229969025;1977.3265380859375;40.33628845214844;1977.3265380859375
27;0.008443823084235191;0.01;0.07235123217105865;0.008443823084235191;776.9229125976562;25.03485870361328;776.9229125976562
28;0.0052356296218931675;0.01;0.05728907883167267;0.0052356296218931675;248.90185546875;13.861888885498047;248.90185546875
29;0.00414670817553997;0.01;0.045178014785051346;0.00414670817553997;72.82209777832031;7.275047779083252;72.82209777832031
30;0.003301306627690792;0.01;0.04653046280145645;0.003301306627690792;19.011837005615234;3.5028836727142334;19.011837005615234
31;0.003960103262215853;0.01;0.04833481088280678;0.003960103262215853;4.088138103485107;1.5349968671798706;4.088138103485107
32;0.003581833327189088;0.01;0.04875205457210541;0.003581833327189088;0.8543583154678345;0.6865910291671753;0.8543583154678345
33;0.0024407105520367622;0.01;0.03747280687093735;0.0024407105520367622;0.15377214550971985;0.28315508365631104;0.15377214550971985
34;0.004926906432956457;0.01;0.055714201182127;0.004926906432956457;0.028615929186344147;0.12807899713516235;0.028615929186344147
35;0.004413433838635683;0.01;0.051048342138528824;0.004413433838635683;0.010699122212827206;0.08363864570856094;0.010699122212827206
36;0.004456145688891411;0.01;0.05044248700141907;0.004456145688891411;0.01083226315677166;0.07904322445392609;0.01083226315677166
37;0.0031668776646256447;0.01;0.04465515539050102;0.0031668776646256447;0.01325592678040266;0.0841505229473114;0.01325592678040266
38;0.003647630335763097;0.01;0.048059504479169846;0.003647630335763097;0.012047960422933102;0.07808602601289749;0.012047960422933102
39;0.002420069882646203;0.01;0.03849324956536293;0.002420069882646203;0.00966657791286707;0.0692010149359703;0.00966657791286707
40;0.002730776323005557;0.01;0.039673369377851486;0.002730776323005557;0.013768219389021397;0.09048580378293991;0.013768219389021397
41;0.004053306300193071;0.01;0.047531772404909134;0.004053306300193071;0.011278166435658932;0.08679623156785965;0.011278166435658932
42;0.0035860114730894566;0.01;0.04589937627315521;0.0035860114730894566;0.021465735509991646;0.13672782480716705;0.021465735509991646
43;0.0060895886272192;0.01;0.06192200630903244;0.0060895886272192;0.03426626697182655;0.17883114516735077;0.03426626697182655
44;0.0027096315752714872;0.01;0.03696277737617493;0.0027096315752714872;0.01993856579065323;0.13343463838100433;0.01993856579065323
45;0.0034003714099526405;0.01;0.04632064700126648;0.0034003714099526405;0.02996695041656494;0.16651399433612823;0.02996695041656494
46;0.002789633348584175;0.01;0.038321662694215775;0.002789633348584175;0.02422095090150833;0.14747971296310425;0.02422095090150833
47;0.0021498454734683037;0.01;0.033681776374578476;0.0021498454734683037;0.028748609125614166;0.16112008690834045;0.028748609125614166
48;0.002715792739763856;0.01;0.03618389740586281;0.002715792739763856;0.03744807094335556;0.18551625311374664;0.03744807094335556
49;0.0025434112176299095;0.01;0.039238665252923965;0.0025434112176299095;0.040041059255599976;0.19172745943069458;0.040041059255599976
50;0.0016703095752745867;0.01;0.031606338918209076;0.0016703095752745867;0.031751517206430435;0.16846740245819092;0.031751517206430435
51;0.0016444430220872164;0.01;0.033865608274936676;0.0016444430220872164;0.03390385955572128;0.17468012869358063;0.03390385955572128
52;0.002488161902874708;0.01;0.04093383625149727;0.002488161902874708;0.034267719835042953;0.17584796249866486;0.034267719835042953
53;0.0024597616866230965;0.01;0.04101579263806343;0.0024597616866230965;0.02844870090484619;0.15872345864772797;0.02844870090484619
54;0.0012164585059508681;0.01;0.027164902538061142;0.0012164585059508681;0.03548682853579521;0.17978164553642273;0.03548682853579521
55;0.0021707983687520027;0.01;0.03340018913149834;0.0021707983687520027;0.022948645055294037;0.1414298117160797;0.022948645055294037
56;0.0035442376974970102;0.01;0.04113060235977173;0.0035442376974970102;0.03566206246614456;0.18125508725643158;0.03566206246614456
57;0.004076238721609116;0.01;0.05062144994735718;0.004076238721609116;0.0336490161716938;0.17582668364048004;0.0336490161716938
58;0.002649017609655857;0.01;0.04197246953845024;0.002649017609655857;0.021711749956011772;0.13805964589118958;0.021711749956011772
59;0.0020984758157283068;0.01;0.03551076725125313;0.0020984758157283068;0.027673710137605667;0.15853354334831238;0.027673710137605667
60;0.001958040054887533;0.01;0.03277558460831642;0.001958040054887533;0.029460759833455086;0.1640150249004364;0.029460759833455086
61;0.00782653596252203;0.01;0.055697157979011536;0.00782653596252203;0.051140476018190384;0.22015409171581268;0.051140476018190384
62;0.00869016069918871;0.01;0.07768303900957108;0.00869016069918871;0.03145919367671013;0.170075461268425;0.03145919367671013
63;0.007762817665934563;0.01;0.0761941522359848;0.007762817665934563;0.04417324438691139;0.2041873037815094;0.04417324438691139
64;0.00298402551561594;0.01;0.04034235328435898;0.00298402551561594;0.06046124920248985;0.2402936816215515;0.06046124920248985
65;0.0024056164547801018;0.01;0.0385202094912529;0.0024056164547801018;0.029838360846042633;0.16484975814819336;0.029838360846042633
66;0.004133197013288736;0.01;0.05062927305698395;0.004133197013288736;0.03782382607460022;0.18714536726474762;0.03782382607460022
67;0.0025269342586398125;0.01;0.04107284173369408;0.0025269342586398125;0.0340258814394474;0.1765873283147812;0.0340258814394474
68;0.0035569174215197563;0.01;0.048387493938207626;0.0035569174215197563;0.027320168912410736;0.1565895974636078;0.027320168912410736
69;0.002169092185795307;0.01;0.034427616745233536;0.002169092185795307;0.030498908832669258;0.166268989443779;0.030498908832669258
70;0.0012541859177872539;0.01;0.029268966987729073;0.0012541859177872539;0.02302595227956772;0.14272341132164001;0.02302595227956772
71;0.0022191707976162434;0.01;0.03600182756781578;0.0022191707976162434;0.025214783847332;0.15022750198841095;0.025214783847332
72;0.0021423117723315954;0.01;0.03346950188279152;0.0021423117723315954;0.026047980412840843;0.15308476984500885;0.026047980412840843
73;0.001817016745917499;0.01;0.033588957041502;0.001817016745917499;0.01570586860179901;0.11491253972053528;0.01570586860179901
74;0.0028424225747585297;0.01;0.03980588540434837;0.0028424225747585297;0.020292220637202263;0.13362348079681396;0.020292220637202263
75;0.0020020732190459967;0.01;0.034450460225343704;0.0020020732190459967;0.019334685057401657;0.13048355281352997;0.019334685057401657
76;0.001875472953543067;0.01;0.032033320516347885;0.001875472953543067;0.015966122969985008;0.11633414775133133;0.015966122969985008
77;0.000796749081928283;0.01;0.022189153358340263;0.000796749081928283;0.012328478507697582;0.09893626719713211;0.012328478507697582
78;0.0013001507613807917;0.01;0.030178559944033623;0.0013001507613807917;0.013818449340760708;0.10635261982679367;0.013818449340760708
79;0.0024285551626235247;0.01;0.038794491440057755;0.0024285551626235247;0.008633680641651154;0.07966241240501404;0.008633680641651154
80;0.0021900362335145473;0.01;0.03569746017456055;0.0021900362335145473;0.01611030288040638;0.11738445609807968;0.01611030288040638
81;0.0018165902001783252;0.01;0.03500591591000557;0.0018165902001783252;0.006397987715899944;0.06499972939491272;0.006397987715899944
82;0.002533631632104516;0.01;0.03539567068219185;0.002533631632104516;0.011591354385018349;0.09681575745344162;0.011591354385018349
83;0.0016652528429403901;0.01;0.029966551810503006;0.001665252959355712;0.011442548595368862;0.09641292691230774;0.011442548595368862
84;0.002772522158920765;0.01;0.037643831223249435;0.002772522158920765;0.0046703144907951355;0.051111482083797455;0.0046703144907951355
85;0.002768820384517312;0.01;0.04173780977725983;0.002768820384517312;0.007021196186542511;0.07078009098768234;0.007021196186542511
86;0.0017234515398740768;0.01;0.031465981155633926;0.0017234515398740768;0.006440446246415377;0.0676925852894783;0.006440446246415377
87;0.0009621792123652995;0.01;0.022029001265764236;0.0009621792123652995;0.004467048682272434;0.052494145929813385;0.004467048682272434
88;0.0019800474401563406;0.01;0.03263640031218529;0.0019800474401563406;0.005429582670331001;0.060440853238105774;0.005429582670331001
89;0.0014986012829467654;0.01;0.02970169484615326;0.0014986012829467654;0.002193119842559099;0.02065766416490078;0.002193119842559099
90;0.0010473154252395034;0.01;0.02551010064780712;0.0010473154252395034;0.0027902473229914904;0.03182845935225487;0.0027902473229914904
91;0.0017727233935147524;0.01;0.032549578696489334;0.0017727233935147524;0.001743726315908134;0.026596156880259514;0.001743726315908134
92;0.0023471652530133724;0.01;0.03809567913413048;0.0023471652530133724;0.002580701606348157;0.02737453393638134;0.002580701606348157
93;0.0009532899712212384;0.01;0.023827247321605682;0.0009532899712212384;0.002171754604205489;0.02078275755047798;0.002171754604205489
94;0.0015808440512046218;0.01;0.030680112540721893;0.0015808440512046218;0.001939477282576263;0.029623009264469147;0.001939477282576263
95;0.0017853138269856572;0.01;0.0326271578669548;0.0017853138269856572;0.003773400094360113;0.04343634471297264;0.003773400094360113
96;0.002402077428996563;0.01;0.038183484226465225;0.002402077428996563;0.0017443813849240541;0.029234284535050392;0.0017443813849240541
97;0.002648361260071397;0.01;0.03966107591986656;0.002648361260071397;0.0048832641914486885;0.05615514889359474;0.0048832641914486885
98;0.003258952870965004;0.01;0.04637039452791214;0.003258952870965004;0.0017625198233872652;0.026002226397395134;0.0017625198233872652
99;0.003808847861364484;0.01;0.043741531670093536;0.003808847861364484;0.0017238259315490723;0.021807223558425903;0.0017238259315490723
100;0.0011101010022684932;0.01;0.02671193890273571;0.0011101010022684932;0.0020086795557290316;0.022983234375715256;0.0020086795557290316
101;0.0015781158581376076;0.01;0.02916102483868599;0.0015781158581376076;0.0013915764866396785;0.027948081493377686;0.0013915764866396785
102;0.002932812785729766;0.01;0.0436299592256546;0.002932812785729766;0.005187041591852903;0.06218326464295387;0.005187041591852903
103;0.004199168179184198;0.01;0.055430490523576736;0.004199168179184198;0.001702348468825221;0.03830510005354881;0.001702348468825221
104;0.006056679878383875;0.01;0.0651216059923172;0.006056679878383875;0.003317314898595214;0.04641139134764671;0.003317314898595214
105;0.004512443207204342;0.01;0.05740869417786598;0.004512443207204342;0.0010196637595072389;0.016011836007237434;0.0010196637595072389
106;0.0026610426139086485;0.01;0.043615516275167465;0.0026610426139086485;0.0008039979147724807;0.01472821831703186;0.0008039979147724807
107;0.0021494224201887846;0.01;0.03494742885231972;0.0021494224201887846;0.003973157610744238;0.056602176278829575;0.003973157610744238
108;0.0017261444590985775;0.01;0.0334935262799263;0.0017261444590985775;0.0006889271317049861;0.018520621582865715;0.0006889271317049861
109;0.001870232168585062;0.01;0.03433438390493393;0.001870232168585062;0.0010035880841314793;0.01884707249701023;0.0010035880841314793
110;0.0013815166894346476;0.01;0.028331907466053963;0.0013815166894346476;0.0006321720429696143;0.013857733458280563;0.0006321720429696143
111;0.001990470103919506;0.01;0.03401186689734459;0.001990470103919506;0.0010132505558431149;0.0225205197930336;0.0010132505558431149
112;0.0063644940964877605;0.01;0.05141409486532211;0.0063644940964877605;0.0006247916608117521;0.014783534221351147;0.0006247916608117521
113;0.002689143642783165;0.01;0.043474819511175156;0.002689143642783165;0.00027001643320545554;0.009917808696627617;0.00027001643320545554
114;0.00312705896794796;0.01;0.04758869856595993;0.00312705896794796;0.00021184311481192708;0.009619170799851418;0.00021184311481192708
115;0.00246422179043293;0.01;0.03827782720327377;0.00246422179043293;0.0002448165032546967;0.013076627627015114;0.0002448165032546967
116;0.003886061254888773;0.01;0.049451835453510284;0.003886061254888773;0.0002798392379190773;0.011310175992548466;0.0002798392379190773
117;0.0017460787203162909;0.01;0.029828177765011787;0.0017460787203162909;0.0003703902184497565;0.01578032597899437;0.0003703902184497565
118;0.002818412845954299;0.01;0.04226909205317497;0.002818412845954299;0.00041870970744639635;0.013755911961197853;0.00041870970744639635
119;0.0021131839603185654;0.01;0.03444391116499901;0.0021131839603185654;0.0004092234303243458;0.013082495890557766;0.0004092234303243458
120;0.0020646483171731234;0.01;0.03771357610821724;0.0020646483171731234;0.0010013001738116145;0.02468808926641941;0.0010013001738116145
121;0.0018326760036870837;0.01;0.03374695032835007;0.0018326760036870837;0.0010169032029807568;0.029784224927425385;0.0010169032029807568
122;0.002113476162776351;0.01;0.038285933434963226;0.002113476162776351;0.0008648856892250478;0.02177196741104126;0.0008648856892250478
123;0.001758456346578896;0.01;0.035041939467191696;0.001758456346578896;0.0003727036528289318;0.013402458280324936;0.0003727036528289318
124;0.0018722066888585687;0.01;0.02990846522152424;0.0018722066888585687;0.0006245708791539073;0.016822654753923416;0.0006245708791539073
125;0.000988131039775908;0.01;0.024476543068885803;0.000988131039775908;0.0004008510150015354;0.01596999727189541;0.0004008510150015354
126;0.001233914284966886;0.01;0.02704661339521408;0.001233914284966886;0.0006402228609658778;0.018093369901180267;0.0006402228609658778
127;0.0031348979100584984;0.01;0.03804207593202591;0.0031348979100584984;0.0007415146101266146;0.02143688127398491;0.0007415146101266146
128;0.0018516626441851258;0.01;0.03541604429483414;0.0018516626441851258;0.0009257483761757612;0.02595703676342964;0.0009257483761757612
129;0.001176845864392817;0.01;0.026941493153572083;0.001176845864392817;0.00018177932361140847;0.010288933292031288;0.00018177932361140847
130;0.0020758151076734066;0.01;0.03627784177660942;0.0020758151076734066;0.0028013610281050205;0.050051651895046234;0.0028013610281050205
131;0.0010468352120369673;0.01;0.025548512116074562;0.0010468352120369673;0.0003221736988052726;0.013401797041296959;0.0003221736988052726
132;0.0016438845777884126;0.01;0.03168174996972084;0.0016438845777884126;0.0010144106345251203;0.027887385338544846;0.0010144106345251203
133;0.0024758882354944944;0.01;0.039653465151786804;0.0024758882354944944;0.00015560034080408514;0.009905540384352207;0.00015560034080408514
134;0.0055160741321742535;0.01;0.06115489825606346;0.0055160741321742535;0.0015642311191186309;0.03655821457505226;0.0015642311191186309
135;0.004331962205469608;0.01;0.05006159469485283;0.004331962205469608;0.0002836507046595216;0.014674093574285507;0.0002836507046595216
136;0.003604145720601082;0.01;0.050337642431259155;0.003604145720601082;0.002013258635997772;0.041976187378168106;0.002013258635997772
137;0.003793225158005953;0.01;0.05050772428512573;0.003793225158005953;0.0007742575835436583;0.025684231892228127;0.0007742575835436583
138;0.0032793984282761812;0.01;0.050545431673526764;0.0032793984282761812;0.0004273810191079974;0.01494655292481184;0.0004273810191079974
139;0.003502841806039214;0.01;0.042576029896736145;0.003502841806039214;0.00042974474490620196;0.015341382473707199;0.00042974474490620196
140;0.0036300907377153635;0.01;0.047445252537727356;0.0036300907377153635;0.0002106422616634518;0.010475501418113708;0.0002106422616634518
141;0.0030366252176463604;0.01;0.04264110326766968;0.0030366252176463604;0.0017033935291692615;0.038492556661367416;0.0017033935291692615
142;0.0027325530536472797;0.01;0.042767833918333054;0.0027325530536472797;0.00016686097660567611;0.01072950754314661;0.00016686097660567611
143;0.002759187947958708;0.01;0.04055211320519447;0.002759187947958708;0.002676486037671566;0.050032880157232285;0.002676486037671566
144;0.0023996620438992977;0.01;0.03843243047595024;0.0023996620438992977;0.0002669276436790824;0.013310272246599197;0.0002669276436790824
145;0.001993828220292926;0.01;0.03125716373324394;0.001993828220292926;0.0027928021736443043;0.05127403885126114;0.0027928021736443043
146;0.001972448080778122;0.01;0.03500397503376007;0.001972448080778122;0.000634149881079793;0.022703001275658607;0.000634149881079793
147;0.001052006846293807;0.01;0.02506331168115139;0.001052006846293807;0.0015848979819566011;0.03816608339548111;0.0015848979819566011
148;0.0008635505801066756;0.01;0.023375460878014565;0.0008635505801066756;0.0010273900115862489;0.03027639351785183;0.0010273900115862489
149;0.002315262798219919;0.01;0.03486614301800728;0.002315262798219919;0.0005896331858821213;0.022238891571760178;0.0005896331858821213
150;0.0012682975502684712;0.01;0.02546701580286026;0.0012682975502684712;0.0020029812585562468;0.04345047101378441;0.0020029812585562468
151;0.0017669968074187636;0.01;0.02907637134194374;0.0017669968074187636;0.0002974800008814782;0.014948967844247818;0.0002974800008814782
152;0.0009926471393555403;0.01;0.023492135107517242;0.0009926471393555403;0.0014315171865746379;0.036385904997587204;0.0014315171865746379
153;0.00101076893042773;0.01;0.02249692752957344;0.00101076893042773;0.0014108145842328668;0.03609421104192734;0.0014108145842328668
154;0.0014591389335691929;0.01;0.026871319860219955;0.0014591389335691929;0.00047542277025058866;0.019821012392640114;0.00047542277025058866
155;0.0009773994097486138;0.01;0.024338379502296448;0.0009773994097486138;0.0011877525830641389;0.033135831356048584;0.0011877525830641389
156;0.0009527599904686213;0.01;0.02366173081099987;0.0009527599904686213;0.0021748291328549385;0.045588042587041855;0.0021748291328549385
157;0.0007114526815712452;0.01;0.019640445709228516;0.0007114526815712452;0.001509590889327228;0.03778089955449104;0.001509590889327228
158;0.0007364927441813052;0.01;0.02108200453221798;0.0007364927441813052;0.001065476331859827;0.03145498037338257;0.001065476331859827
159;0.0006932583637535572;0.01;0.01978740654885769;0.0006932583637535572;0.0006959476158954203;0.024966033175587654;0.0006959476158954203
160;0.0008203472243621945;0.01;0.02179054543375969;0.0008203472243621945;0.0005929006729274988;0.022726235911250114;0.0005929006729274988
161;0.0012053117388859391;0.01;0.02565847337245941;0.0012053117388859391;0.0018695656908676028;0.0421781986951828;0.0018695656908676028
162;0.0010021182242780924;0.01;0.023060183972120285;0.0010021182242780924;0.0008189572254195809;0.02714821882545948;0.0008189572254195809
163;0.000818746630102396;0.01;0.01966135948896408;0.000818746630102396;0.0008045725408010185;0.026914948597550392;0.0008045725408010185
164;0.001237721648067236;0.01;0.025632914155721664;0.001237721648067236;0.0004684317100327462;0.019741259515285492;0.0004684317100327462
165;0.0007396850269287825;0.01;0.022338300943374634;0.0007396850269287825;0.0011080261319875717;0.031819429248571396;0.0011080261319875717
166;0.0008745855302549899;0.01;0.02205401472747326;0.0008745855302549899;0.001029372331686318;0.030443863943219185;0.001029372331686318
167;0.0010345510672777891;0.01;0.023525027558207512;0.0010345510672777891;0.0003554326540324837;0.015900295227766037;0.0003554326540324837
168;0.0009458765271119773;0.01;0.022184524685144424;0.0009458765271119773;0.0004850344848819077;0.0192322488874197;0.0004850344848819077
169;0.0005518269026651978;0.01;0.01841104030609131;0.0005518269026651978;0.00034341984428465366;0.01539788581430912;0.00034341984428465366
170;0.0008472676272504032;0.01;0.018846841529011726;0.0008472676272504032;0.0009514542762190104;0.028514547273516655;0.0009514542762190104
171;0.001120888744480908;0.01;0.025538478046655655;0.001120888744480908;0.0009558883029967546;0.028677059337496758;0.0009558883029967546
172;0.001223633997142315;0.01;0.02765265293419361;0.001223633997142315;0.00011887547589140013;0.009111191146075726;0.00011887547589140013
173;0.0009846973698586226;0.01;0.023103827610611916;0.0009846973698586226;0.00048521553981117904;0.019864914938807487;0.00048521553981117904
174;0.000785006966907531;0.01;0.021601088345050812;0.000785006966907531;0.0012965942732989788;0.034569624811410904;0.0012965942732989788
175;0.000588569266255945;0.01;0.02029738388955593;0.000588569266255945;0.00038790423423051834;0.0176396481692791;0.00038790423423051834
176;0.0011470509925857186;0.01;0.023393534123897552;0.0011470509925857186;0.0003749845491256565;0.01728275790810585;0.0003749845491256565
177;0.0015590240946039557;0.01;0.028967812657356262;0.0015590240946039557;0.00013300940918270499;0.009482325054705143;0.00013300940918270499
178;0.0009445356554351747;0.01;0.024257700890302658;0.0009445356554351747;0.0008810738218016922;0.027752088382840157;0.0008810738218016922
179;0.0006150888511911035;0.01;0.01857149414718151;0.0006150888511911035;8.325905218953267e-05;0.007758278865367174;8.325905218953267e-05
180;0.0009880204452201724;0.01;0.02389284037053585;0.0009880204452201724;0.0001799549354473129;0.011417413130402565;0.0001799549354473129
181;0.0006809314363636076;0.01;0.01696798950433731;0.0006809314363636076;0.00010616251529427245;0.009209627285599709;0.00010616251529427245
182;0.0015062895836308599;0.01;0.028084155172109604;0.0015062895836308599;0.00015986063226591796;0.010336673818528652;0.00015986063226591796
183;0.0007961221854202449;0.01;0.02082204818725586;0.0007961221854202449;0.0002020178217208013;0.011621857061982155;0.0002020178217208013
184;0.0006567544769495726;0.01;0.020222023129463196;0.0006567544769495726;0.00037785086897201836;0.016310613602399826;0.00037785086897201836
185;0.0016090287826955318;0.01;0.03020145371556282;0.0016090287826955318;0.0012429957278072834;0.03268735110759735;0.0012429957278072834
186;0.0034169983118772507;0.01;0.049198124557733536;0.0034169983118772507;0.0013670307816937566;0.035490259528160095;0.0013670307816937566
187;0.003220327664166689;0.01;0.04973902180790901;0.003220327664166689;0.00016509620763827115;0.01045268401503563;0.00016509620763827115
188;0.0015383310383185744;0.01;0.02975280024111271;0.0015383310383185744;0.00011879540397785604;0.008682582527399063;0.00011879540397785604
189;0.0007886284147389233;0.01;0.022350316867232323;0.0007886284147389233;0.00011567187175387517;0.008549102582037449;0.00011567187175387517
190;0.00039414441562257707;0.01;0.014097793959081173;0.00039414441562257707;0.00011827235721284524;0.008979381062090397;0.00011827235721284524
191;0.0007040069322101772;0.01;0.022046832367777824;0.0007040069322101772;0.00042912678327411413;0.017720341682434082;0.00042912678327411413
192;0.0009287417051382363;0.01;0.024373305961489677;0.0009287417051382363;0.0004456056922208518;0.018697284162044525;0.0004456056922208518
193;0.0006797569221816957;0.01;0.020182060077786446;0.0006797569221816957;0.0001360575552098453;0.008914511650800705;0.0001360575552098453
194;0.0005923870485275984;0.01;0.019106879830360413;0.0005923870485275984;0.0001502941595390439;0.009398289024829865;0.0001502941595390439
195;0.000716901442501694;0.01;0.02139025554060936;0.000716901442501694;0.0002217231667600572;0.011609056033194065;0.0002217231667600572
196;0.0007878235192038119;0.01;0.02157806232571602;0.0007878235192038119;0.0002737727190833539;0.01429747138172388;0.0002737727190833539
197;0.0005883025005459785;0.01;0.01919534243643284;0.0005883025005459785;0.00011457659275038168;0.008660446852445602;0.00011457659275038168
198;0.000919791404157877;0.01;0.023199887946248055;0.000919791404157877;0.00011725478543667123;0.008844860829412937;0.00011725478543667123
199;0.0009520258172415197;0.01;0.023724740371108055;0.0009520258172415197;0.0004042857326567173;0.018146999180316925;0.0004042857326567173
200;0.0009298578952439129;0.01;0.022629979997873306;0.0009298578952439129;0.00021724487305618823;0.011567017994821072;0.00021724487305618823
201;0.0011742502683773637;0.01;0.02759093977510929;0.0011742502683773637;0.0009855692042037845;0.028870103880763054;0.0009855692042037845
202;0.0016126352129504085;0.01;0.03133045509457588;0.0016126352129504085;0.0003607522521633655;0.015853188931941986;0.0003607522521633655
203;0.0019551413133740425;0.01;0.03794395178556442;0.0019551413133740425;0.0017314683645963669;0.03965388238430023;0.0017314683645963669
204;0.0019524403614923358;0.01;0.038649868220090866;0.0019524403614923358;0.00023308629170060158;0.01189732551574707;0.00023308629170060158
205;0.0013370235683396459;0.01;0.027709532529115677;0.0013370235683396459;0.0007417796296067536;0.024765735492110252;0.0007417796296067536
206;0.0014466952998191118;0.01;0.028421418741345406;0.0014466952998191118;0.00022166410053614527;0.011647051200270653;0.00022166410053614527
207;0.001488351495936513;0.01;0.029153380542993546;0.001488351495936513;0.0009118601446971297;0.027414964511990547;0.0009118601446971297
208;0.0017679219599813223;0.01;0.03244047239422798;0.0017679219599813223;0.0005662002949975431;0.02108118124306202;0.0005662002949975431
209;0.0012081969762220979;0.01;0.03105977736413479;0.0012081969762220979;0.00042177701834589243;0.018676795065402985;0.00042177701834589243
210;0.001311933039687574;0.01;0.029191233217716217;0.001311933039687574;0.00019309460185468197;0.010755668394267559;0.00019309460185468197
211;0.0019191814353689551;0.01;0.03381047770380974;0.0019191814353689551;0.0006752041517756879;0.023840608075261116;0.0006752041517756879
212;0.0007420495967380702;0.01;0.022697437554597855;0.0007420495967380702;0.0002523910370655358;0.014052456244826317;0.0002523910370655358
213;0.0007322602905333042;0.01;0.02052844874560833;0.0007322602905333042;0.0001258535630768165;0.008650007657706738;0.0001258535630768165
214;0.0003994150029029697;0.01;0.015668652951717377;0.0003994150029029697;0.00043117086170241237;0.01882917433977127;0.00043117086170241237
215;0.0009493911638855934;0.01;0.022079259157180786;0.0009493911638855934;0.000166009456734173;0.010137854143977165;0.000166009456734173
216;0.0011029141023755074;0.01;0.02799799107015133;0.0011029141023755074;0.00131701841019094;0.03393936529755592;0.00131701841019094
217;0.0008869041339494288;0.01;0.024108117446303368;0.0008869041339494288;0.00016526049876119941;0.010241279378533363;0.00016526049876119941
218;0.0013179447269067168;0.01;0.0303051620721817;0.0013179447269067168;0.0009044196922332048;0.027280021458864212;0.0009044196922332048
219;0.0008642092579975724;0.01;0.022950632497668266;0.0008642092579975724;0.0001451612770324573;0.009667879901826382;0.0001451612770324573
220;0.0009231079602614045;0.01;0.0231332965195179;0.0009231079602614045;0.00015328593144658953;0.009418230503797531;0.00015328593144658953
221;0.0007365413475781679;0.01;0.020668644458055496;0.0007365413475781679;0.000735395064111799;0.02450779266655445;0.000735395064111799
222;0.0010450690751895308;0.01;0.025760328397154808;0.0010450690751895308;0.0004955273470841348;0.020126931369304657;0.0004955273470841348
223;0.0007920654607005417;0.01;0.021856004372239113;0.0007920654607005417;0.00012812121713068336;0.008944828063249588;0.00012812121713068336
224;0.0007619443931616843;0.01;0.019782233983278275;0.0007619443931616843;0.00032556094811297953;0.016571344807744026;0.00032556094811297953
225;0.000542147783562541;0.01;0.018573801964521408;0.000542147783562541;0.00013771325757261366;0.009819937869906425;0.00013771325757261366
226;0.0006129501853138208;0.01;0.018175004050135612;0.0006129501853138208;0.00035471946466714144;0.017560748383402824;0.00035471946466714144
227;0.0009344802238047123;0.01;0.0231836698949337;0.0009344802238047123;0.00013869415852241218;0.009205358102917671;0.00013869415852241218
228;0.0011971263447776437;0.01;0.027498498558998108;0.0011971263447776437;0.0005037563387304544;0.020843379199504852;0.0005037563387304544
229;0.0014088909374549985;0.01;0.03060639463365078;0.0014088909374549985;0.00015007915499154478;0.009451395832002163;0.00015007915499154478
230;0.0014598501147702336;0.01;0.030440889298915863;0.0014598501147702336;0.0004243218572810292;0.018718140199780464;0.0004243218572810292
231;0.0010778874857351184;0.01;0.02733362838625908;0.0010778876021504402;0.00017027325520757586;0.00993843749165535;0.00017027325520757586
232;0.000595277757383883;0.01;0.020000746473670006;0.000595277757383883;0.00014104896399658173;0.008628779090940952;0.00014104896399658173
233;0.0007722399313934147;0.01;0.02143929712474346;0.0007722399313934147;0.0001569517480675131;0.008300849236547947;0.0001569517480675131
234;0.0011066669831052423;0.01;0.02456938847899437;0.0011066669831052423;0.00024263070372398943;0.012482873164117336;0.00024263070372398943
235;0.0013232354540377855;0.01;0.028855210170149803;0.0013232354540377855;0.0014339388580992818;0.03544618934392929;0.0014339388580992818
236;0.0009562209015712142;0.01;0.024841338396072388;0.0009562209015712142;0.00038939452497288585;0.016547566279768944;0.00038939452497288585
237;0.0028460517060011625;0.01;0.04210861772298813;0.0028460517060011625;0.00015332660404965281;0.010522195138037205;0.00015332660404965281
238;0.0008685004431754351;0.01;0.023941319435834885;0.0008685004431754351;0.00015149469254538417;0.009938705712556839;0.00015149469254538417
239;0.000793010403867811;0.01;0.025098392739892006;0.000793010403867811;0.0014117752434685826;0.03531816229224205;0.0014117752434685826
240;0.0006185249076224864;0.01;0.02019619755446911;0.0006185249076224864;0.0001864522200776264;0.009779348969459534;0.0001864522200776264
241;0.000999283161945641;0.01;0.026133568957448006;0.000999283161945641;0.0005058902897872031;0.020540565252304077;0.0005058902897872031
242;0.0012597993481904268;0.01;0.027642734348773956;0.0012597993481904268;0.000151190921314992;0.00931596476584673;0.000151190921314992
243;0.001148405484855175;0.01;0.026465093716979027;0.001148405484855175;0.0014735169243067503;0.035917025059461594;0.0014735169243067503
244;0.0017054233467206359;0.01;0.03270329535007477;0.0017054233467206359;0.000214015381061472;0.012323379516601562;0.000214015381061472
245;0.0005362873198464513;0.01;0.017805064097046852;0.0005362873198464513;0.0002633315743878484;0.014120264910161495;0.0002633315743878484
246;0.0005336882313713431;0.01;0.016690710559487343;0.0005336882313713431;0.00024271044821944088;0.013393894769251347;0.00024271044821944088
247;0.000696931267157197;0.01;0.02155635505914688;0.000696931267157197;0.00016100260836537927;0.00864439643919468;0.00016100260836537927
248;0.0008995391544885933;0.01;0.022923940792679787;0.0008995391544885933;0.0002009589079534635;0.011418595910072327;0.0002009589079534635
249;0.0005320911295711994;0.01;0.018311655148863792;0.0005320911295711994;0.0002454455243423581;0.012966874055564404;0.0002454455243423581
250;0.0006658307975158095;0.01;0.018812887370586395;0.0006658307975158095;0.0004616119258571416;0.0198404211550951;0.0004616119258571416
251;0.0010490840068086982;0.01;0.023400943726301193;0.0010490840068086982;0.0001907743135234341;0.011358698830008507;0.0001907743135234341
252;0.0006392615032382309;0.01;0.020641615614295006;0.0006392615032382309;0.0001775412238202989;0.010605184361338615;0.0001775412238202989
253;0.0007680506096221507;0.01;0.020563911646604538;0.0007680506096221507;0.0005462985136546195;0.021572478115558624;0.0005462985136546195
254;0.0006598298205062747;0.01;0.019902806729078293;0.0006598298205062747;0.00020782994397450238;0.010616987012326717;0.00020782994397450238
255;0.0009801036212593317;0.01;0.024810954928398132;0.0009801035048440099;0.00022772305237594992;0.011675658635795116;0.00022772305237594992
256;0.0007718851557001472;0.01;0.019278082996606827;0.0007718851557001472;0.00020322846830822527;0.010403478518128395;0.00020322846830822527
257;0.0010146840941160917;0.01;0.023295095190405846;0.0010146840941160917;0.00019398564472794533;0.01112995482981205;0.00019398564472794533
258;0.000704320496879518;0.01;0.02140592783689499;0.000704320496879518;0.00023126917949412018;0.010095974430441856;0.00023126917949412018
259;0.0006362464046105742;0.01;0.01949968934059143;0.0006362464046105742;0.0005596504779532552;0.02176477201282978;0.0005596504779532552
260;0.0006379864644259214;0.01;0.020911572501063347;0.0006379864644259214;0.00022812238603364676;0.00994504988193512;0.00022812238603364676
261;0.0006513610715046525;0.01;0.019933808594942093;0.0006513610715046525;0.0001730194635456428;0.008589416742324829;0.0001730194635456428
262;0.0007309887441806495;0.01;0.021361110731959343;0.0007309887441806495;0.0002419830416329205;0.013478181324899197;0.0002419830416329205
263;0.0006203910452313721;0.01;0.01978595182299614;0.0006203910452313721;0.00012736297503579408;0.008467304520308971;0.00012736297503579408
264;0.0007009783876128495;0.01;0.01881040632724762;0.0007009783876128495;0.00011508981697261333;0.008020603097975254;0.00011508981697261333
265;0.0009183189831674099;0.01;0.021914012730121613;0.0009183189831674099;0.0002847536525223404;0.01529743056744337;0.0002847536525223404
266;0.0006454974063672125;0.01;0.019627735018730164;0.0006454974063672125;0.00023250444792211056;0.01370812114328146;0.00023250444792211056
267;0.0006955553544685245;0.01;0.019012462347745895;0.0006955553544685245;0.00013128296996001154;0.009894846938550472;0.00013128296996001154
268;0.0005133691010996699;0.01;0.016150884330272675;0.0005133691010996699;0.0003012755187228322;0.015778671950101852;0.0003012755187228322
269;0.00056125083938241;0.01;0.018684353679418564;0.00056125083938241;0.0006197240436449647;0.022640086710453033;0.0006197240436449647
270;0.0006238724454306066;0.01;0.019642574712634087;0.0006238724454306066;0.0002834053593687713;0.01506231352686882;0.0002834053593687713
271;0.00044470629654824734;0.01;0.01464173849672079;0.00044470629654824734;0.00032010904396884143;0.015959717333316803;0.00032010904396884143
272;0.0006773991044610739;0.01;0.019894875586032867;0.0006773991044610739;0.00011258118320256472;0.008408152498304844;0.00011258118320256472
273;0.0005775081808678806;0.01;0.017710953950881958;0.0005775081808678806;0.00033486910979263484;0.0160544291138649;0.00033486910979263484
274;0.0004941276274621487;0.01;0.01686600036919117;0.0004941276274621487;0.00013259165280032903;0.008776958100497723;0.00013259165280032903
275;0.0007772052194923162;0.01;0.020485438406467438;0.0007772052194923162;0.00021576927974820137;0.012535479851067066;0.00021576927974820137
276;0.0006510763196274638;0.01;0.020536063238978386;0.0006510763196274638;0.00011945022561121732;0.008846818469464779;0.00011945022561121732
277;0.0009349003084935248;0.01;0.02216361090540886;0.0009349003084935248;0.00013699225382879376;0.009533606469631195;0.00013699225382879376
278;0.0010863181669265032;0.01;0.026672521606087685;0.0010863181669265032;0.00039904285222291946;0.01734493486583233;0.00039904285222291946
279;0.0010218360694125295;0.01;0.0229727104306221;0.0010218361858278513;0.00013784736802335829;0.00934589747339487;0.00013784736802335829
280;0.0005261636106297374;0.01;0.018066782504320145;0.0005261636106297374;0.00014806420949753374;0.00950225442647934;0.00014806420949753374
281;0.0007228657486848533;0.01;0.020358821377158165;0.0007228657486848533;0.0006182449287734926;0.021562278270721436;0.0006182449287734926
282;0.0008002423564903438;0.01;0.020811570808291435;0.0008002423564903438;0.0006412862567231059;0.02171824499964714;0.0006412862567231059
283;0.001369441277347505;0.01;0.02898697927594185;0.001369441277347505;0.00047212516074068844;0.017423667013645172;0.00047212516074068844
284;0.0010608831653371453;0.01;0.025622226297855377;0.0010608831653371453;0.0001813849521568045;0.011278894729912281;0.0001813849521568045
285;0.0008897101506590843;0.01;0.024067917838692665;0.0008897101506590843;0.0012720051454380155;0.03324328362941742;0.0012720051454380155
286;0.001259994343854487;0.01;0.027736688032746315;0.001259994343854487;0.0003505385247990489;0.015298879705369473;0.0003505385247990489
287;0.0008434588089585304;0.01;0.02494945004582405;0.0008434588089585304;0.0002962268190458417;0.013146026991307735;0.0002962268190458417
288;0.0007850808906368911;0.01;0.020983539521694183;0.0007850808906368911;0.00023443553072866052;0.011730405502021313;0.00023443553072866052
289;0.0011355394963175058;0.01;0.02592260204255581;0.0011355394963175058;0.00030120249721221626;0.012833410874009132;0.00030120249721221626
290;0.0008538379333913326;0.01;0.02029391936957836;0.0008538379333913326;0.0005228531081229448;0.01947794109582901;0.0005228531081229448
291;0.0019685246516019106;0.01;0.03444064036011696;0.0019685246516019106;0.0010599966626614332;0.029113350436091423;0.0010599966626614332
292;0.0014672945253551006;0.01;0.03291817009449005;0.0014672945253551006;0.0005342114600352943;0.020311396569013596;0.0005342114600352943
293;0.0016785889165475965;0.01;0.030409252271056175;0.0016785889165475965;0.00013594431220553815;0.009714704006910324;0.00013594431220553815
294;0.0009811456548050046;0.01;0.0233087670058012;0.0009811456548050046;0.0006997632444836199;0.023890001699328423;0.0006997632444836199
295;0.0011461618123576045;0.01;0.02703719027340412;0.0011461618123576045;0.0003296222712378949;0.014834421686828136;0.0003296222712378949
296;0.0012402709107846022;0.01;0.028086205944418907;0.0012402709107846022;0.00051194301340729;0.019511306658387184;0.00051194301340729
297;0.0007724634488113225;0.01;0.02113177627325058;0.0007724634488113225;0.00013616896467283368;0.009936132468283176;0.00013616896467283368
298;0.0005537800025194883;0.01;0.01729281060397625;0.0005537800025194883;0.0006016436964273453;0.021670052781701088;0.0006016436964273453
299;0.0015083689941093326;0.01;0.028162233531475067;0.0015083689941093326;0.0001623164862394333;0.010718313977122307;0.0001623164862394333
300;0.001182872918434441;0.01;0.028279457241296768;0.001182872918434441;0.0002695647126529366;0.013219074346125126;0.0002695647126529366
301;0.0006064776098355651;0.01;0.017455877736210823;0.0006064776098355651;0.0001291961089009419;0.009253313764929771;0.0001291961089009419
302;0.0007405651267617941;0.01;0.021881794556975365;0.0007405651267617941;0.00010918204498011619;0.008586791343986988;0.00010918204498011619
303;0.0005686321528628469;0.01;0.017622245475649834;0.0005686321528628469;0.00011044863640563563;0.008404998108744621;0.00011044863640563563
304;0.000780516944359988;0.01;0.020431391894817352;0.000780516944359988;0.00011749584518838674;0.008911039680242538;0.00011749584518838674
305;0.0007095609907992184;0.01;0.021402297541499138;0.0007095609907992184;0.00031260724063031375;0.016239775344729424;0.00031260724063031375
306;0.0008371241274289787;0.01;0.02169634960591793;0.0008371241274289787;0.00018128548981621861;0.011794076301157475;0.00018128548981621861
307;0.0015026228502392769;0.01;0.0326596200466156;0.0015026228502392769;0.00014336229651235044;0.010114791803061962;0.00014336229651235044
308;0.0013216267107054591;0.01;0.029796823859214783;0.0013216267107054591;9.611446876078844e-05;0.007241035811603069;9.611446876078844e-05
309;0.000865067879203707;0.01;0.024243474006652832;0.000865067879203707;0.0002478928363416344;0.014342714101076126;0.0002478928363416344
310;0.0009282862301915884;0.01;0.021218594163656235;0.0009282862301915884;0.0003706814895849675;0.017762677744030952;0.0003706814895849675
311;0.0009723605471663177;0.01;0.02500438317656517;0.0009723605471663177;0.00034192868042737246;0.015562721528112888;0.00034192868042737246
312;0.0012555773137137294;0.01;0.0305341687053442;0.0012555773137137294;0.0005428082658909261;0.021379418671131134;0.0005428082658909261
313;0.0008462542900815606;0.01;0.024920256808400154;0.0008462542900815606;0.0002508072357159108;0.013862171210348606;0.0002508072357159108
314;0.0008648986113257706;0.01;0.02285129949450493;0.0008648986113257706;0.00042058833059854805;0.018489286303520203;0.00042058833059854805
315;0.0011898856610059738;0.01;0.02782198041677475;0.0011898856610059738;0.0009863449959084392;0.029833979904651642;0.0009863449959084392
316;0.0018916879780590534;0.01;0.03613412007689476;0.0018916879780590534;0.001687462325207889;0.03911212459206581;0.001687462325207889
317;0.002753862412646413;0.01;0.04412940889596939;0.002753862412646413;0.00019488610269036144;0.011584647931158543;0.00019488610269036144
318;0.0014342187205329537;0.01;0.02912253886461258;0.0014342187205329537;0.00024575908901169896;0.013421603478491306;0.00024575908901169896
319;0.0014241046737879515;0.01;0.025591371580958366;0.0014241046737879515;0.0009992059785872698;0.029895998537540436;0.0009992059785872698
320;0.0016090631252154708;0.01;0.030025074258446693;0.0016090631252154708;0.0001004745063255541;0.008053607307374477;0.0001004745063255541
321;0.0010591276222839952;0.01;0.02438211999833584;0.0010591276222839952;0.00028125019161961973;0.014165854081511497;0.00028125019161961973
322;0.0007178562227636576;0.01;0.021708624437451363;0.0007178562227636576;0.00015816277300473303;0.009897456504404545;0.00015816277300473303
323;0.001050416030921042;0.01;0.026779860258102417;0.001050416030921042;0.0004135831550229341;0.01761474832892418;0.0004135831550229341
324;0.0010014126310124993;0.01;0.02380800060927868;0.0010014126310124993;0.00012407450412865728;0.008443553932011127;0.00012407450412865728
325;0.0006029494688846171;0.01;0.01961233653128147;0.0006029494106769562;0.00024935745750553906;0.0139668770134449;0.00024935745750553906
326;0.0007181387627497315;0.01;0.020561374723911285;0.0007181387627497315;0.00016354085528291762;0.010575723834335804;0.00016354085528291762
327;0.0006410934147424996;0.01;0.018027374520897865;0.0006410934147424996;0.0002046622830675915;0.01259212289005518;0.0002046622830675915
328;0.0005425895797088742;0.01;0.017061464488506317;0.0005425895797088742;0.00016663054702803493;0.01023420225828886;0.00016663054702803493
329;0.0008875760831870139;0.01;0.02092703804373741;0.0008875760831870139;0.0006832881481386721;0.02425163984298706;0.0006832881481386721
330;0.0013124528340995312;0.01;0.029219914227724075;0.0013124528340995312;0.00045097386464476585;0.017724309116601944;0.00045097386464476585
331;0.0030232341960072517;0.01;0.04800926148891449;0.0030232341960072517;0.0002989853674080223;0.013630405068397522;0.0002989853674080223
332;0.0024022110737860203;0.01;0.03729128837585449;0.0024022110737860203;0.0011675800196826458;0.031013840809464455;0.0011675800196826458
333;0.0017976895906031132;0.01;0.03551001474261284;0.0017976895906031132;0.000298647879390046;0.015443102456629276;0.000298647879390046
334;0.0015349722234532237;0.01;0.02916867658495903;0.0015349722234532237;0.00026144730509258807;0.01255155447870493;0.00026144730509258807
335;0.0008253525011241436;0.01;0.021214675158262253;0.0008253525011241436;0.0003361447306815535;0.014330828562378883;0.0003361447306815535
336;0.0005902328994125128;0.01;0.017439233139157295;0.0005902328994125128;0.000963296799454838;0.027134211733937263;0.000963296799454838
337;0.0005994137027300894;0.01;0.018680961802601814;0.0005994137027300894;0.00047871042625047266;0.01667502522468567;0.00047871042625047266
338;0.0007709372439421713;0.01;0.02008180506527424;0.0007709372439421713;0.0005315876915119588;0.018163392320275307;0.0005315876915119588
339;0.001830007997341454;0.01;0.028756462037563324;0.001830007997341454;0.0018071793019771576;0.03960113227367401;0.0018071793019771576
340;0.0043153222650289536;0.01;0.057730577886104584;0.0043153222650289536;0.0011930493637919426;0.03236667439341545;0.0011930493637919426
341;0.003390867728739977;0.01;0.05041765049099922;0.003390867728739977;0.0001982458052225411;0.01131905522197485;0.0001982458052225411
342;0.0022480275947600603;0.01;0.034835830330848694;0.0022480275947600603;0.00021121140161994845;0.011811294592916965;0.00021121140161994845
343;0.0016570728039368987;0.01;0.03159491345286369;0.0016570728039368987;0.00047722196904942393;0.019201479852199554;0.00047722196904942393
344;0.0022203661501407623;0.01;0.03289514407515526;0.0022203661501407623;0.0002938380930572748;0.014208749867975712;0.0002938380930572748
345;0.0018420085543766618;0.01;0.029425950720906258;0.0018420085543766618;0.00039386804564855993;0.015645818784832954;0.00039386804564855993
346;0.0016253029461950064;0.01;0.03100040927529335;0.0016253029461950064;0.0003715893253684044;0.016675293445587158;0.0003715893253684044
347;0.0013604772975668311;0.01;0.027229247614741325;0.0013604772975668311;0.0002605510817375034;0.013221166096627712;0.0002605510817375034
348;0.0007559105288237333;0.01;0.02020280808210373;0.0007559105288237333;0.00028273341013118625;0.014892995357513428;0.00028273341013118625
349;0.00100233918055892;0.01;0.025376202538609505;0.00100233918055892;0.00022827653447166085;0.011207767762243748;0.00022827653447166085
350;0.000817192776594311;0.01;0.021316416561603546;0.000817192776594311;0.0004322927270550281;0.018925361335277557;0.0004322927270550281
351;0.002198473084717989;0.01;0.03655331954360008;0.002198473084717989;0.00025924277724698186;0.011646693572402;0.00025924277724698186
352;0.0011919224634766579;0.01;0.025461871176958084;0.0011919224634766579;0.00019354316464159638;0.01187477633357048;0.00019354316464159638
353;0.0007786848000250757;0.01;0.020973527804017067;0.0007786848000250757;0.00016242013953160495;0.00974456500262022;0.00016242013953160495
354;0.0008735873270779848;0.01;0.021360157057642937;0.0008735873270779848;0.0002450920292176306;0.011709765531122684;0.0002450920292176306
355;0.0008047760929912329;0.01;0.023060226812958717;0.0008047760929912329;0.00017953096539713442;0.011335853487253189;0.00017953096539713442
356;0.001019850606098771;0.01;0.02359839528799057;0.001019850606098771;0.00020830753783229738;0.010864188894629478;0.00020830753783229738
357;0.00064971944084391;0.01;0.019741034135222435;0.00064971944084391;0.00013991737796459347;0.009008016437292099;0.00013991737796459347
358;0.0006276241620071232;0.01;0.018227368593215942;0.0006276241620071232;0.00014263945922721177;0.009034558199346066;0.00014263945922721177
359;0.0006244799005798995;0.01;0.019164875149726868;0.0006244799005798995;0.0002863947011064738;0.012903294526040554;0.0002863947011064738
360;0.0005900012911297381;0.01;0.019733302295207977;0.0005900012911297381;0.00013843533815816045;0.009358154609799385;0.00013843533815816045
361;0.0007547728600911796;0.01;0.022322146221995354;0.0007547728600911796;0.00015196431195363402;0.010087608359754086;0.00015196431195363402
362;0.000867906492203474;0.01;0.021883077919483185;0.000867906492203474;0.00023429206339642406;0.011531868018209934;0.00023429206339642406
363;0.00033256891765631735;0.01;0.014040221460163593;0.00033256891765631735;0.00014592011575587094;0.009147620759904385;0.00014592011575587094
364;0.0008143355371430516;0.01;0.020554188638925552;0.0008143355371430516;0.00015480059664696455;0.00921705737709999;0.00015480059664696455
365;0.0004808726953342557;0.01;0.015951329842209816;0.0004808726953342557;0.00018681399524211884;0.010282737202942371;0.00018681399524211884
366;0.000988911953754723;0.01;0.02383919060230255;0.000988911953754723;0.000139251074870117;0.008667567744851112;0.000139251074870117
367;0.001570955035276711;0.01;0.02882271818816662;0.001570955035276711;0.00038780758040957153;0.018140358850359917;0.00038780758040957153
368;0.002127529587596655;0.01;0.03571512922644615;0.002127529587596655;0.00019232505292166024;0.010275866836309433;0.00019232505292166024
369;0.0023751126136630774;0.01;0.03549465909600258;0.0023751126136630774;9.611614950699732e-05;0.007283275946974754;9.611614950699732e-05
370;0.000953186652623117;0.01;0.02180534042418003;0.000953186652623117;0.00016024388605728745;0.011035325936973095;0.00016024388605728745
371;0.0006814652006141841;0.01;0.021343696862459183;0.0006814652006141841;0.0002569224452599883;0.012609338387846947;0.0002569224452599883
372;0.0010641346452757716;0.01;0.02417694963514805;0.0010641346452757716;0.0001509939756942913;0.010432467795908451;0.0001509939756942913
373;0.0010478019248694181;0.01;0.024570314213633537;0.0010478019248694181;0.00019830824749078602;0.010247260332107544;0.00019830824749078602
374;0.0012082078028470278;0.01;0.02720819041132927;0.0012082078028470278;0.00015825206355657429;0.009377148002386093;0.00015825206355657429
375;0.0013196620857343078;0.01;0.024508032947778702;0.0013196620857343078;0.00011536602687556297;0.008090950548648834;0.00011536602687556297
376;0.0008688730886206031;0.01;0.020708730444312096;0.0008688730886206031;0.00014544097939506173;0.009011741727590561;0.00014544097939506173
377;0.0005632649408653378;0.01;0.018112346529960632;0.0005632649408653378;0.00012577514280565083;0.008797934278845787;0.00012577514280565083
378;0.0005979218403808773;0.01;0.01917858235538006;0.0005979218403808773;0.00011679624003591016;0.007727690506726503;0.00011679624003591016
379;0.0005636019632220268;0.01;0.016629714518785477;0.0005636019632220268;0.0001162195549113676;0.008249825797975063;0.0001162195549113676
380;0.0004232137289363891;0.0009999999;0.015519113279879093;0.0004232137289363891;0.0001135750426328741;0.007969966158270836;0.0001135750426328741
381;0.0002865174610633403;0.0009999999;0.013407277874648571;0.0002865174610633403;0.00011182206071680412;0.007731607183814049;0.00011182206071680412
382;0.0005282766651362181;0.0009999999;0.018292173743247986;0.0005282766651362181;0.00010985361586790532;0.007622700650244951;0.00010985361586790532
383;0.000476592656923458;0.0009999999;0.01618790253996849;0.000476592656923458;0.00011036724026780576;0.007659370079636574;0.00011036724026780576
384;0.0006680800579488277;0.0009999999;0.018638217821717262;0.0006680800579488277;0.00011122421710751951;0.007665939163416624;0.00011122421710751951
385;0.0004715878458227962;0.0009999999;0.016809023916721344;0.0004715878458227962;0.00010902286157943308;0.007561638485640287;0.00010902286157943308
386;0.0006202130462042987;0.0009999999;0.018038488924503326;0.0006202130462042987;0.00010748673230409622;0.0074338484555482864;0.00010748673230409622
387;0.0002690676774363965;0.0009999999;0.013225957751274109;0.0002690676774363965;0.00010945105168502778;0.007703072857111692;0.00010945105168502778
388;0.0004920513601973653;0.0009999999;0.01796175166964531;0.0004920513601973653;0.00010814892448252067;0.007562631741166115;0.00010814892448252067
389;0.00041200060513801873;0.0009999999;0.016016552224755287;0.00041200060513801873;0.00010790044325403869;0.00747428834438324;0.00010790044325403869
390;0.000497007102239877;0.0009999999;0.014974144287407398;0.000497007102239877;0.00011224562331335619;0.007594531401991844;0.00011224562331335619
391;0.0009510457748547196;0.0009999999;0.022301211953163147;0.0009510457748547196;0.00010774832480819896;0.0074277822859585285;0.00010774832480819896
392;0.0004868193354923278;0.0009999999;0.01718122698366642;0.0004868193354923278;0.00010735131218098104;0.0074457284063100815;0.00010735131218098104
393;0.0006047845236025751;0.0009999999;0.018936609849333763;0.0006047845236025751;0.00010584378469502553;0.007365360856056213;0.00010584378469502553
394;0.00028835859848186374;0.0009999999;0.012621198780834675;0.00028835859848186374;0.00011380680371075869;0.0076973931863904;0.00011380680371075869
395;0.0003821613790933043;0.0009999999;0.014614333398640156;0.0003821613790933043;0.00011988887854386121;0.007967649959027767;0.00011988887854386121
396;0.0003940527967642993;0.0009999999;0.014669991098344326;0.0003940527967642993;0.00011856051423819736;0.007907291874289513;0.00011856051423819736
397;0.0007163606933318079;0.0009999999;0.01906491070985794;0.0007163606933318079;0.00010990753798978403;0.007468191906809807;0.00010990753798978403
398;0.0005674376152455807;0.0009999999;0.017928073182702065;0.0005674376152455807;0.00010563843534328043;0.007352364249527454;0.00010563843534328043
399;0.00045951397623866796;0.0009999999;0.01613958738744259;0.00045951397623866796;0.0001093586251954548;0.007910527288913727;0.0001093586251954548
400;0.0005296994931995869;0.0009999999;0.01716599613428116;0.0005296994931995869;0.00010870976984733716;0.007896358147263527;0.00010870976984733716
401;0.0005407328717410564;0.0009999999;0.01675170660018921;0.0005407328717410564;0.0001036302128341049;0.007302009966224432;0.0001036302128341049
402;0.0003296916256658733;0.0009999999;0.014349836856126785;0.0003296916256658733;0.0001118047657655552;0.007586357183754444;0.0001118047657655552
403;0.00041201437124982476;0.0009999999;0.015155929140746593;0.00041201437124982476;0.0001212239294545725;0.00799691304564476;0.0001212239294545725
404;0.0005121336434967816;0.0009999999;0.016758069396018982;0.0005121336434967816;0.00011374748282833025;0.007677983958274126;0.00011374748282833025
405;0.0005150637589395046;0.0009999999;0.015599267557263374;0.0005150637589395046;0.00010328516509616747;0.0072457208298146725;0.00010328516509616747
406;0.00046812419896014035;0.0009999999;0.016459360718727112;0.00046812419896014035;0.00010208922321908176;0.007233148906379938;0.00010208922321908176
407;0.0002605117915663868;0.0009999999;0.012310359627008438;0.0002605117915663868;0.00010271187056787312;0.007283474784344435;0.00010271187056787312
408;0.00032670749351382256;0.0009999999;0.013200444169342518;0.00032670749351382256;0.00010249945626128465;0.007304482161998749;0.00010249945626128465
409;0.00060019496595487;0.0009999999;0.017729217186570168;0.00060019496595487;0.00010208800085820258;0.0073135048151016235;0.00010208800085820258
410;0.00038593445788137615;0.0009999999;0.015199393965303898;0.00038593445788137615;0.00010076738544739783;0.007297702599316835;0.00010076738544739783
411;0.0005391562590375543;0.0009999999;0.018552280962467194;0.0005391562590375543;0.00010211707558482885;0.007358284201472998;0.00010211707558482885
412;0.0005279378965497017;0.0009999999;0.016467012465000153;0.0005279378965497017;9.856503311311826e-05;0.007290862966328859;9.856503311311826e-05
413;0.00037359882844612;0.0009999999;0.016084162518382072;0.00037359882844612;9.760085231391713e-05;0.007281852886080742;9.760085231391713e-05
414;0.0005214005359448493;0.0009999999;0.016362633556127548;0.0005214005359448493;0.00010060526255983859;0.0076447902247309685;0.00010060526255983859
415;0.0005050692707300186;0.0009999999;0.017825210466980934;0.0005050692707300186;9.888084605336189e-05;0.007527524139732122;9.888084605336189e-05
416;0.000751017068978399;0.0009999999;0.01905781589448452;0.000751017068978399;9.691545710666105e-05;0.007281012367457151;9.691545710666105e-05
417;0.00044954445911571383;0.0009999999;0.015244041569530964;0.00044954445911571383;9.897481504594907e-05;0.007388614118099213;9.897481504594907e-05
418;0.00030701333889737725;0.0009999999;0.014259411953389645;0.00030701333889737725;0.00010469073458807543;0.007488724775612354;0.00010469073458807543
419;0.0006924090557731688;0.0009999999;0.019029410555958748;0.0006924090557731688;0.00010281037248205394;0.007443180773407221;0.00010281037248205394
420;0.0005557041731663048;0.0009999999;0.01734776794910431;0.0005557041731663048;9.92406130535528e-05;0.007356615271419287;9.92406130535528e-05
421;0.00029140576953068376;0.0009999999;0.012700852006673813;0.00029140576953068376;9.967488585971296e-05;0.007349772844463587;9.967488585971296e-05
422;0.00035074882907792926;0.0009999999;0.012790235690772533;0.00035074882907792926;0.00010666847811080515;0.007440312299877405;0.00010666847811080515
423;0.0004918093327432871;0.0009999999;0.017045553773641586;0.0004918093327432871;0.00010562536044744775;0.007410886697471142;0.00010562536044744775
424;0.00048610990052111447;0.0009999999;0.015187282115221024;0.00048610990052111447;0.00010217565431958064;0.007324029691517353;0.00010217565431958064
425;0.0003967268276028335;0.0009999999;0.01358501985669136;0.0003967268276028335;0.00010064080561278388;0.007245554123073816;0.00010064080561278388
426;0.0003828922926913947;0.0009999999;0.014926828444004059;0.0003828922926913947;9.901855810312554e-05;0.007132251281291246;9.901855810312554e-05
427;0.0005173777462914586;0.0009999999;0.017003491520881653;0.0005173777462914586;9.856122051132843e-05;0.00718179065734148;9.856122051132843e-05
428;0.0005022162804380059;0.0009999999;0.017581241205334663;0.0005022162804380059;9.774660429684445e-05;0.007142340764403343;9.774660429684445e-05
429;0.000509696314111352;0.0009999999;0.016789929941296577;0.000509696314111352;0.00010188925080001354;0.007163308560848236;0.00010188925080001354
430;0.0004739615542348474;0.0009999999;0.017546208575367928;0.0004739615542348474;0.00011322137288516387;0.0075345649383962154;0.00011322137288516387
431;0.0006483856705017388;0.0009999999;0.017831047996878624;0.0006483856705017388;0.00010892706632148474;0.007352264132350683;0.00010892706632148474
432;0.0008814061293378472;0.0009999999;0.021627290174365044;0.0008814061293378472;9.839083213591948e-05;0.007105378434062004;9.839083213591948e-05
433;0.00037657751818187535;0.0009999999;0.015867101028561592;0.00037657751818187535;0.00010145734995603561;0.007474790792912245;0.00010145734995603561
434;0.0003613582521211356;0.0009999999;0.014507971704006195;0.0003613582521211356;0.00010095648758579046;0.0075052217580378056;0.00010095648758579046
435;0.0005497673409990966;0.0009999999;0.016362924128770828;0.0005497673409990966;9.715271153254434e-05;0.007124860305339098;9.715271153254434e-05
436;0.0006181023200042546;0.0009999999;0.017698409035801888;0.0006181023200042546;9.814757504500449e-05;0.006987330503761768;9.814757504500449e-05
437;0.00038057976053096354;0.0009999999;0.013989723287522793;0.00038057976053096354;0.00010277160617988557;0.007051721215248108;0.00010277160617988557
438;0.00041596958180889487;0.0009999999;0.01607552543282509;0.00041596958180889487;0.00010355179983889684;0.007062503602355719;0.00010355179983889684
439;0.00024036975810304284;0.0009999999;0.011249351315200329;0.00024036975810304284;0.00010025824303738773;0.007012961432337761;0.00010025824303738773
440;0.0004897633334621787;0.0009999999;0.016680480912327766;0.0004897633334621787;9.698262147139758e-05;0.006963388994336128;9.698262147139758e-05
441;0.0003408175252843648;0.0009999999;0.013498421758413315;0.0003408175252843648;9.620693163014948e-05;0.007073583081364632;9.620693163014948e-05
442;0.00036284961970523;0.0009999999;0.013867112807929516;0.00036284961970523;9.555157157592475e-05;0.006992506794631481;9.555157157592475e-05
443;0.00039166436181403697;0.0009999999;0.014114157296717167;0.00039166436181403697;9.556945587974042e-05;0.006939220707863569;9.556945587974042e-05
444;0.0006734116468578577;0.0009999999;0.018943049013614655;0.0006734116468578577;9.370357292937115e-05;0.006914031226187944;9.370357292937115e-05
445;0.0006843388546258211;0.0009999999;0.01931140013039112;0.0006843388546258211;9.306198626291007e-05;0.006962474901229143;9.306198626291007e-05
446;0.0003084519412368536;0.0009999999;0.013204032555222511;0.0003084519412368536;9.391109779244289e-05;0.007194030564278364;9.391109779244289e-05
447;0.000510678393766284;0.0009999999;0.017743943259119987;0.000510678393766284;9.231080912286416e-05;0.0069978563115000725;9.231080912286416e-05
448;0.00042376373312436044;0.0009999999;0.015134504996240139;0.00042376373312436044;9.18858204386197e-05;0.006911047268658876;9.18858204386197e-05
449;0.0003820718266069889;0.0009999999;0.01301993615925312;0.0003820718266069889;9.423501614946872e-05;0.007005707826465368;9.423501614946872e-05
450;0.00025442149490118027;0.0009999999;0.013279501348733902;0.00025442149490118027;9.748276352183893e-05;0.007075506262481213;9.748276352183893e-05
451;0.0005823545507155359;0.0009999999;0.018093477934598923;0.0005823545507155359;9.341093391412869e-05;0.007018417119979858;9.341093391412869e-05
452;0.0005013106856495142;0.0009999999;0.015641342848539352;0.0005013106856495142;9.094493725569919e-05;0.006971209775656462;9.094493725569919e-05
453;0.000396298011764884;0.0009999999;0.015355204232037067;0.000396298011764884;8.995270036393777e-05;0.006941730156540871;8.995270036393777e-05
454;0.0005036445218138397;0.0009999999;0.01705744117498398;0.0005036445218138397;9.069567749975249e-05;0.0069870720617473125;9.069567749975249e-05
455;0.0007427115342579782;0.0009999999;0.019039932638406754;0.0007427115342579782;9.072796092368662e-05;0.006976534612476826;9.072796092368662e-05
456;0.00039910609484650195;0.0009999999;0.014656858518719673;0.00039910609484650195;9.069789666682482e-05;0.0072544291615486145;9.069789666682482e-05
457;0.0006308828596957028;0.0009999999;0.018667520955204964;0.0006308828596957028;8.91014642547816e-05;0.006956180557608604;8.91014642547816e-05
458;0.0003148385731037706;0.0009999999;0.013967923820018768;0.0003148385731037706;9.152157872449607e-05;0.006924055051058531;9.152157872449607e-05
459;0.0003704747068695724;0.0009999999;0.014546099118888378;0.0003704747068695724;9.720420348457992e-05;0.007220700848847628;9.720420348457992e-05
460;0.0004281948786228895;0.0009999999;0.014364290982484818;0.0004281948786228895;9.24786800169386e-05;0.006966255139559507;9.24786800169386e-05
461;0.00039383111288771033;0.0009999999;0.015543380752205849;0.00039383111288771033;8.901224646251649e-05;0.006909176241606474;8.901224646251649e-05
462;0.0004459403280634433;0.0009999999;0.01416756771504879;0.0004459403280634433;8.902783156372607e-05;0.006839160341769457;8.902783156372607e-05
463;0.00034381545265205204;0.0009999999;0.013978189788758755;0.00034381545265205204;9.086872887564823e-05;0.006749327760189772;9.086872887564823e-05
464;0.0010146739659830928;0.0009999999;0.0227457657456398;0.0010146739659830928;9.154255531029776e-05;0.006782552693039179;9.154255531029776e-05
465;0.0003763727727346122;0.0009999999;0.014802653342485428;0.0003763727727346122;9.688986756373197e-05;0.007476575206965208;9.688986756373197e-05
466;0.0003276157658547163;0.0009999999;0.013947547413408756;0.0003276157658547163;9.724742994876578e-05;0.007492765784263611;9.724742994876578e-05
467;0.0005060159019194543;0.0009999999;0.01686203107237816;0.0005060159019194543;9.109896927839145e-05;0.00699163181707263;9.109896927839145e-05
468;0.0007534759934060276;0.0009999999;0.017939208075404167;0.0007534759934060276;9.107204823521897e-05;0.00700219115242362;9.107204823521897e-05
469;0.0006238110945560038;0.0009999999;0.01832657866179943;0.0006238110945560038;9.196854080073535e-05;0.007168666925281286;9.196854080073535e-05
470;0.00040787080070003867;0.0009999999;0.015800250694155693;0.00040787080070003867;9.077146387426183e-05;0.007061854004859924;9.077146387426183e-05
471;0.00047292528324760497;0.0009999999;0.01605663076043129;0.00047292528324760497;8.768289990257472e-05;0.006679090671241283;8.768289990257472e-05
472;0.00037145279929973185;0.0009999999;0.015089434571564198;0.00037145279929973185;8.821218216326088e-05;0.006621228065341711;8.821218216326088e-05
473;0.00045531129580922425;0.0009999999;0.016297107562422752;0.00045531129580922425;8.845369302434847e-05;0.006696249824017286;8.845369302434847e-05
474;0.00037826510379090905;0.0009999999;0.014648588374257088;0.00037826510379090905;9.183547808788717e-05;0.007089824881404638;9.183547808788717e-05
475;0.0006243626121431589;0.0009999999;0.019187359139323235;0.0006243626121431589;9.022087760968134e-05;0.0069518908858299255;9.022087760968134e-05
476;0.0005865699495188892;0.0009999999;0.01798822544515133;0.0005865699495188892;8.673394768266007e-05;0.0066088424064219;8.673394768266007e-05
477;0.0003593113215174526;0.0009999999;0.014544871635735035;0.0003593113215174526;8.740042540011927e-05;0.006672437768429518;8.740042540011927e-05
478;0.00037172186421230435;0.0009999999;0.014811902306973934;0.00037172186421230435;9.001230500871316e-05;0.006740048062056303;9.001230500871316e-05
479;0.0005168025381863117;0.0009999999;0.01609616167843342;0.0005168025381863117;8.898852684069425e-05;0.0066671911627054214;8.898852684069425e-05
480;0.0004837105516344309;0.0009999999;0.016045499593019485;0.0004837105516344309;9.100712486542761e-05;0.00694935442879796;9.100712486542761e-05
481;0.0003726682916749269;0.0009999999;0.013650045730173588;0.0003726682916749269;9.461951412959024e-05;0.007265768945217133;9.461951412959024e-05
482;0.0004565903218463063;0.0009999999;0.016860513016581535;0.0004565903218463063;9.304181003244594e-05;0.00723229069262743;9.304181003244594e-05
483;0.0003048173966817558;0.0009999999;0.013657732866704464;0.0003048173966817558;8.960654668044299e-05;0.006997330579906702;8.960654668044299e-05
484;0.0004902618238702416;0.0009999999;0.015912175178527832;0.0004902618238702416;8.698776946403086e-05;0.006646974477916956;8.698776946403086e-05
485;0.0008507206221111119;0.0009999999;0.02006271854043007;0.0008507206221111119;8.728095417609438e-05;0.006953252479434013;8.728095417609438e-05
486;0.00047304327017627656;0.0009999999;0.01697072945535183;0.00047304327017627656;9.35735588427633e-05;0.007436174433678389;9.35735588427633e-05
487;0.0004983888356946409;0.0009999999;0.01626363955438137;0.0004983888356946409;9.118370508076623e-05;0.0073204245418310165;9.118370508076623e-05
488;0.0007343568140640855;0.0009999999;0.020265599712729454;0.0007343568140640855;8.273752609966323e-05;0.006631649564951658;8.273752609966323e-05
489;0.000743986340239644;0.0009999999;0.01975664310157299;0.000743986340239644;8.734971925150603e-05;0.006914851255714893;8.734971925150603e-05
490;0.00039335107430815697;0.0009999999;0.015217756852507591;0.00039335107430815697;8.501800039084628e-05;0.006724965758621693;8.501800039084628e-05
491;0.0004945104010403156;0.0009999999;0.016221484169363976;0.0004945104010403156;8.263849304057658e-05;0.0065392483957111835;8.263849304057658e-05
492;0.000512933183927089;0.0009999999;0.01535775326192379;0.000512933183927089;8.653503027744591e-05;0.007011817302554846;8.653503027744591e-05
493;0.0006181140779517591;0.0009999999;0.0182496327906847;0.0006181140779517591;8.762557263253257e-05;0.007116943597793579;8.762557263253257e-05
494;0.00035515110357664526;0.0009999999;0.014498040080070496;0.00035515110357664526;8.466192957712337e-05;0.006934765260666609;8.466192957712337e-05
495;0.00041153139318339527;0.0009999999;0.015881270170211792;0.00041153139318339527;8.137278200592846e-05;0.006609449163079262;8.137278200592846e-05
496;0.0004345713241491467;0.0009999999;0.015645485371351242;0.0004345713241491467;8.175860421033576e-05;0.0066859726794064045;8.175860421033576e-05
497;0.0004423193458933383;0.0009999999;0.015549770556390285;0.0004423193458933383;8.31720681162551e-05;0.006820770911872387;8.31720681162551e-05
498;0.0006602848297916353;0.0009999999;0.016745781525969505;0.0006602848297916353;8.034089842112735e-05;0.006600149441510439;8.034089842112735e-05
499;0.0003482507891021669;0.0009999999;0.014403958804905415;0.0003482507891021669;8.041425462579355e-05;0.006550971884280443;8.041425462579355e-05
500;0.00027607352240011096;0.0009999999;0.012035755440592766;0.00027607352240011096;8.136578253470361e-05;0.006539268419146538;8.136578253470361e-05
501;0.001080980058759451;0.0009999999;0.021217962726950645;0.001080980058759451;8.82677486515604e-05;0.0072264764457941055;8.82677486515604e-05
502;0.0006193472654558718;0.0009999999;0.018436415120959282;0.0006193472654558718;0.000107460560684558;0.008384188637137413;0.000107460560684558
503;0.0007321231532841921;0.0009999999;0.021294791251420975;0.0007321231532841921;9.084842895390466e-05;0.007363168988376856;9.084842895390466e-05
504;0.00028305183514021337;0.0009999999;0.012855004519224167;0.00028305183514021337;7.886265666456893e-05;0.0063444762490689754;7.886265666456893e-05
505;0.000481175200548023;0.0009999999;0.016749730333685875;0.000481175200548023;7.943957461975515e-05;0.0064856912940740585;7.943957461975515e-05
506;0.0003720805689226836;0.0009999999;0.014146652072668076;0.0003720805689226836;8.412645547650754e-05;0.006947982124984264;8.412645547650754e-05
507;0.0003858887648675591;0.0009999999;0.015558410435914993;0.0003858887648675591;9.551062248647213e-05;0.007781985215842724;9.551062248647213e-05
508;0.0006872909725643694;0.0009999999;0.019458355382084846;0.0006872909725643694;9.450973448110744e-05;0.007698019966483116;9.450973448110744e-05
509;0.0010946374386548996;0.0009999999;0.01911269500851631;0.0010946374386548996;9.264016262022778e-05;0.007770522031933069;9.264016262022778e-05
510;0.0003919632872566581;0.0009999999;0.014827826991677284;0.0003919632872566581;7.525581168010831e-05;0.00662522716447711;7.525581168010831e-05
511;0.0003905302728526294;0.0009999999;0.014869372360408306;0.0003905302728526294;7.02156248735264e-05;0.006121195387095213;7.02156248735264e-05
512;0.0003227778652217239;0.0009999999;0.014188709668815136;0.0003227778652217239;7.129735604394227e-05;0.006205443758517504;7.129735604394227e-05
513;0.00041946559213101864;0.0009999999;0.015880651772022247;0.00041946559213101864;7.030452252365649e-05;0.0062285494059324265;7.030452252365649e-05
514;0.0005420526722446084;0.0009999999;0.017129406332969666;0.0005420526722446084;6.96462593623437e-05;0.006246199831366539;6.96462593623437e-05
515;0.00047980400267988443;0.0009999999;0.0162840336561203;0.00047980400267988443;7.30491301510483e-05;0.006491797976195812;7.30491301510483e-05
516;0.0002858060470316559;0.0009999999;0.012640968896448612;0.0002858060470316559;7.568875298602507e-05;0.006639194209128618;7.568875298602507e-05
517;0.0005502761341631413;0.0009999999;0.017177550122141838;0.0005502761341631413;7.151869795052335e-05;0.00641493359580636;7.151869795052335e-05
518;0.0005710369441658258;0.0009999999;0.018891293555498123;0.0005710369441658258;7.09967571310699e-05;0.0064386036247015;7.09967571310699e-05
519;0.00029657629784196615;0.0009999999;0.012512242421507835;0.00029657629784196615;7.307730265893042e-05;0.006551699712872505;7.307730265893042e-05
520;0.0002480006078258157;0.0009999999;0.01283982489258051;0.0002480006078258157;7.187190203694627e-05;0.006389573682099581;7.187190203694627e-05
521;0.0006077582947909832;0.0009999999;0.01866884157061577;0.0006077582947909832;7.39403476472944e-05;0.006544929929077625;7.39403476472944e-05
522;0.0006098609883338213;0.0009999999;0.017881687730550766;0.0006098609883338213;7.105910481186584e-05;0.006363408640027046;7.105910481186584e-05
523;0.0003763345303013921;0.0009999999;0.013596783392131329;0.0003763345303013921;7.196767546702176e-05;0.006414347793906927;7.196767546702176e-05
524;0.0004948632558807731;0.0009999999;0.016255853697657585;0.0004948632558807731;7.301030564121902e-05;0.006523816380649805;7.301030564121902e-05
525;0.00038234697422012687;0.0009999999;0.014653310179710388;0.00038234697422012687;7.295029354281723e-05;0.006469246931374073;7.295029354281723e-05
526;0.0004411220143083483;0.0009999999;0.015005301684141159;0.0004411220143083483;7.49600148992613e-05;0.006607364397495985;7.49600148992613e-05
527;0.00039607734652236104;0.0009999999;0.014403922483325005;0.00039607734652236104;7.971041486598551e-05;0.007045797538012266;7.971041486598551e-05
528;0.0004703317827079445;0.0009999999;0.017001425847411156;0.0004703317827079445;7.765923510305583e-05;0.006882913876324892;7.765923510305583e-05
529;0.0008377204649150372;0.0009999999;0.022967856377363205;0.0008377204649150372;7.362192991422489e-05;0.006599828600883484;7.362192991422489e-05
530;0.0008814992615953088;0.0009999999;0.01907656341791153;0.0008814992615953088;7.773657125653699e-05;0.006944933906197548;7.773657125653699e-05
531;0.000500608584843576;0.0009999999;0.01604238897562027;0.000500608584843576;7.467119576176628e-05;0.00672385236248374;7.467119576176628e-05
532;0.00040439461008645594;0.0009999999;0.015708930790424347;0.00040439461008645594;8.185119077097625e-05;0.007215871941298246;8.185119077097625e-05
533;0.0006759518873877823;0.0009999999;0.01894109696149826;0.0006759518873877823;9.013546514324844e-05;0.0076727052219212055;9.013546514324844e-05
534;0.00021802086848765612;0.0009999999;0.011099651455879211;0.00021802086848765612;9.554622374707833e-05;0.007947640493512154;9.554622374707833e-05
535;0.0004361088795121759;0.0009999999;0.016360528767108917;0.0004361088795121759;8.324301597895101e-05;0.007250513415783644;8.324301597895101e-05
536;0.00028908971580676734;0.0009999999;0.01386753935366869;0.00028908971580676734;7.754044781904668e-05;0.006852293387055397;7.754044781904668e-05
537;0.00027071638032794;0.0009999999;0.012610672041773796;0.00027071638032794;7.783350883983076e-05;0.006803404074162245;7.783350883983076e-05
538;0.0004102765233255923;0.0009999999;0.014902695082128048;0.0004102765233255923;8.091997733572498e-05;0.007065882906317711;8.091997733572498e-05
539;0.0004212012863717973;0.0009999999;0.015058837831020355;0.0004212012863717973;9.135186701314524e-05;0.0075658950954675674;9.135186701314524e-05
540;0.00043059932067990303;0.0009999999;0.014413891360163689;0.00043059932067990303;9.363724529976025e-05;0.007695366162806749;9.363724529976025e-05
541;0.0004488260892685503;0.0009999999;0.013963941484689713;0.0004488260892685503;8.965443703345954e-05;0.007352843880653381;8.965443703345954e-05
542;0.0003728100564330816;0.0009999999;0.013496136292815208;0.0003728100564330816;8.749916014494374e-05;0.007218276150524616;8.749916014494374e-05
543;0.0003396824176888913;0.0009999999;0.013741566799581051;0.0003396824176888913;8.598011481808499e-05;0.007161636371165514;8.598011481808499e-05
544;0.0003949807141907513;0.0009999999;0.014442752115428448;0.0003949807141907513;8.603779861005023e-05;0.007140549831092358;8.603779861005023e-05
545;0.00027829999453388155;0.0009999999;0.012910665012896061;0.00027829999453388155;9.165927622234449e-05;0.0074683199636638165;9.165927622234449e-05
546;0.00037610754952766;0.0009999999;0.015600420534610748;0.00037610754952766;9.539727761875838e-05;0.007765396032482386;9.539727761875838e-05
547;0.00038956041680648923;0.0009999999;0.014533384703099728;0.00038956041680648923;8.714382420293987e-05;0.007279513869434595;8.714382420293987e-05
548;0.00037847182829864323;0.0009999999;0.014147709123790264;0.00037847182829864323;8.124503801809624e-05;0.006983933039009571;8.124503801809624e-05
549;0.0005557786207646132;0.0009999999;0.016461221501231194;0.0005557786207646132;8.086724847089499e-05;0.006995678413659334;8.086724847089499e-05
550;0.0005042661214247346;0.0009999999;0.016648953780531883;0.0005042661796323955;8.141048601828516e-05;0.007095776963979006;8.141048601828516e-05
551;0.0003410311765037477;0.0009999999;0.01354945544153452;0.0003410311765037477;8.163167512975633e-05;0.007145530078560114;8.163167512975633e-05
552;0.0003457362181507051;0.0009999999;0.01521301083266735;0.0003457362181507051;8.048046584008262e-05;0.007015056908130646;8.048046584008262e-05
553;0.00029373617144301534;0.0009999999;0.0139967305585742;0.00029373617144301534;8.169429929694161e-05;0.00707593560218811;8.169429929694161e-05
554;0.00042852945625782013;0.0009999999;0.013297130353748798;0.00042852945625782013;7.9984194599092e-05;0.006903185974806547;7.9984194599092e-05
555;0.00045786178088746965;0.0009999999;0.01613200455904007;0.00045786178088746965;8.255015563918278e-05;0.007220492232590914;8.255015563918278e-05
556;0.000360896869096905;0.0009999999;0.014322747476398945;0.000360896869096905;8.482101111439988e-05;0.007325745653361082;8.482101111439988e-05
557;0.000489482597913593;0.0009999999;0.017289243638515472;0.000489482597913593;8.105594315566123e-05;0.007146391551941633;8.105594315566123e-05
558;0.0003940073074772954;0.0009999999;0.014562657102942467;0.0003940073074772954;7.955294131534174e-05;0.007060896139591932;7.955294131534174e-05
559;0.0003224172396585345;0.0009999999;0.01384942326694727;0.0003224172396585345;7.817926234565675e-05;0.006895603146404028;7.817926234565675e-05
560;0.00044921660446561873;0.0009999999;0.01565057970583439;0.00044921660446561873;8.57178310980089e-05;0.0074533927254378796;8.57178310980089e-05
561;0.00040583108784630895;0.0009999999;0.014282897114753723;0.00040583108784630895;8.614897524239495e-05;0.007473951671272516;8.614897524239495e-05
562;0.0005414308980107307;0.0009999999;0.015996625646948814;0.0005414308980107307;7.85675147199072e-05;0.006985935382544994;7.85675147199072e-05
563;0.00030926091130822897;0.0009999999;0.013668782077729702;0.00030926091130822897;7.785912021063268e-05;0.006877569947391748;7.785912021063268e-05
564;0.0004211844061501324;0.0009999999;0.015956370159983635;0.0004211844061501324;7.835265569156036e-05;0.0069238003343343735;7.835265569156036e-05
565;0.00045153679093346;0.0009999999;0.015956854447722435;0.00045153679093346;7.773131073918194e-05;0.006861860863864422;7.773131073918194e-05
566;0.00043778089457191527;0.0009999999;0.017022548243403435;0.00043778089457191527;7.843752973712981e-05;0.006950617302209139;7.843752973712981e-05
567;0.0003385739109944552;0.0009999999;0.014516601338982582;0.0003385739109944552;7.923119846964255e-05;0.006914116907864809;7.923119846964255e-05
568;0.00033745067776180804;0.0009999999;0.013344739563763142;0.00033745067776180804;7.909487612778321e-05;0.006806336343288422;7.909487612778321e-05
569;0.00045004431740380824;0.0009999999;0.01540460530668497;0.00045004431740380824;7.979784277267754e-05;0.006848927121609449;7.979784277267754e-05
570;0.0003323666751384735;0.0009999999;0.013599924743175507;0.0003323666751384735;8.13076039776206e-05;0.006981890182942152;8.13076039776206e-05
571;0.00042763465899042785;0.0009999999;0.015478684566915035;0.00042763465899042785;7.978573557920754e-05;0.006833918858319521;7.978573557920754e-05
572;0.00032857133192010224;0.0009999999;0.012943005189299583;0.00032857133192010224;7.971731974976137e-05;0.006803868338465691;7.971731974976137e-05
573;0.00028789317002519965;0.0009999999;0.01248303521424532;0.00028789317002519965;7.911787542980164e-05;0.006811921019107103;7.911787542980164e-05
574;0.0004640404658857733;0.0009999999;0.016558874398469925;0.0004640404658857733;7.906380051281303e-05;0.006806725636124611;7.906380051281303e-05
575;0.00030750513542443514;0.0009999999;0.012231267988681793;0.00030750513542443514;7.95433807070367e-05;0.006825943011790514;7.95433807070367e-05
576;0.00029865626129321754;0.0009999999;0.013851667754352093;0.00029865626129321754;8.137120312312618e-05;0.007056498900055885;8.137120312312618e-05
577;0.0007015137234702706;0.0009999999;0.01905043236911297;0.0007015137234702706;8.27152471174486e-05;0.00715858768671751;8.27152471174486e-05
578;0.0004710759676527232;0.0009999999;0.014347843825817108;0.0004710759676527232;8.090395567705855e-05;0.006914961151778698;8.090395567705855e-05
579;0.0002769471029751003;0.0009999999;0.012672807089984417;0.0002769470738712698;8.682264160597697e-05;0.007382993120700121;8.682264160597697e-05
580;0.0004487945116125047;0.0009999999;0.01533603761345148;0.0004487945116125047;8.234564302256331e-05;0.007094556465744972;8.234564302256331e-05
581;0.0005197437712922692;0.0009999999;0.016555650159716606;0.0005197437712922692;7.85338634159416e-05;0.006862451322376728;7.85338634159416e-05
582;0.00039673480205237865;0.0009999999;0.01549446303397417;0.00039673480205237865;7.941289368318394e-05;0.007115215063095093;7.941289368318394e-05
583;0.0004267912881914526;0.0009999999;0.015550652518868446;0.0004267912881914526;8.231004176195711e-05;0.0072783962823450565;8.231004176195711e-05
584;0.0004323878383729607;0.0009999999;0.015034051612019539;0.0004323878383729607;8.212767716031522e-05;0.00725302379578352;8.212767716031522e-05
585;0.000489097903482616;0.0009999999;0.01685674861073494;0.000489097903482616;7.879880286054686e-05;0.006906475406140089;7.879880286054686e-05
586;0.000335873308358714;0.0009999999;0.014257021248340607;0.000335873308358714;7.882528007030487e-05;0.006788649130612612;7.882528007030487e-05
587;0.00036912859650328755;0.0009999999;0.0148355383425951;0.00036912859650328755;7.992421160452068e-05;0.006849035620689392;7.992421160452068e-05
588;0.00041940747178159654;0.0009999999;0.015525775961577892;0.00041940747178159654;7.942933007143438e-05;0.006992565467953682;7.942933007143438e-05
589;0.0003291584725957364;0.0009999999;0.013681837357580662;0.0003291584725957364;8.419311052421108e-05;0.007368028163909912;8.419311052421108e-05
590;0.00043746258597820997;0.0009999999;0.015629645437002182;0.00043746258597820997;8.516747766407207e-05;0.007411027327179909;8.516747766407207e-05
591;0.00046568436664529145;0.0009999999;0.016255857422947884;0.00046568436664529145;8.223603799706325e-05;0.007231177296489477;8.223603799706325e-05
592;0.0004398892924655229;0.0009999999;0.014649325981736183;0.0004398892924655229;7.958956848597154e-05;0.006806179881095886;7.958956848597154e-05
593;0.0003914043481927365;0.0009999999;0.015534931793808937;0.0003914043481927365;7.919878407847136e-05;0.006824907846748829;7.919878407847136e-05
594;0.0002988154301419854;0.0009999999;0.013442788273096085;0.0002988154301419854;7.848654058761895e-05;0.006860783323645592;7.848654058761895e-05
595;0.00032008986454457045;0.0009999999;0.013974788598716259;0.00032008986454457045;8.23478985694237e-05;0.007210321258753538;8.23478985694237e-05
596;0.00045702929492108524;0.0009999999;0.01576600968837738;0.00045702929492108524;8.081221312750131e-05;0.0070785824209451675;8.081221312750131e-05
597;0.0003894123074132949;0.0009999999;0.014965313486754894;0.0003894123074132949;7.877182360971346e-05;0.006824764423072338;7.877182360971346e-05
598;0.00036025242297910154;0.0009999999;0.013794475235044956;0.00036025242297910154;8.282448834506795e-05;0.00707145594060421;8.282448834506795e-05
599;0.0003853251982945949;0.0009999999;0.014497234486043453;0.0003853251982945949;7.915363676147535e-05;0.006840147078037262;7.915363676147535e-05
